First Name,Surname,Email,Summary,Phone,Created at
Test,User,nilogu@mailinator.com,,1234567890,2025-08-28T07:45:20.633276+03:00
Test,User,test@example.com,,1234567890,2025-08-25T09:52:27.077758+03:00
Kuhic  waters,Olga,Lester8@hotmail.com,,376.902,2025-08-25T08:27:16.715853+03:00
Update candidate,Update last name,37837873@mereos-email.eu,,37837873098763456098763456098763456,2025-08-12T13:44:55.967376+03:00
Mohsin,Waheed,983893893@mereos-email.eu,,983893893,2025-08-12T13:37:12.354877+03:00
Mohsin,Waheed,38949849@mereos-email.eu,,38949849,2025-08-12T13:24:46.729122+03:00
Mohsin,Waheed,389398984@mereos-email.eu,,389398984,2025-08-12T13:15:16.932123+03:00
Mohsin,Waheed,38893993@mereos-email.eu,,38893993,2025-08-12T12:53:40.697568+03:00
Update candidate,Update last name,abcd@mereos.com,,098763456098763456098763456098763456098763456,2025-08-07T15:14:59.155618+03:00
Test mereos,Kevin,abc@mereos.com,,12333,2025-08-07T15:10:42.764541+03:00
Mohsin,Waheed,4787478478@mereos-email.eu,,4787478478,2025-08-04T14:52:07.639269+03:00
Mohsin,Waheed,7478478784874@mereos-email.eu,,7478478784874,2025-08-04T11:40:35.834590+03:00
Mohsin,Waheed,mohsinwaheed910@yopmail.com,,3444,2025-08-04T11:30:49.287340+03:00
Neville,Wolf,1456987123@mereos-email.eu,,1456987123,2025-08-04T10:07:15.716136+03:00
Hiram,Frederick,66552626@mereos-email.eu,,66552626,2025-08-04T09:52:09.126966+03:00
Aurelia,Padilla,34256@mereos-email.eu,,34256,2025-08-04T09:44:52.350609+03:00
Baxter,Crane,23131@mereos-email.eu,,23131,2025-08-04T09:41:07.548587+03:00
Mohsin,Waheed,38488489489@mereos-email.eu,,38488489489,2025-08-01T10:39:51.631633+03:00
Mohsin,Waheed,38948942@mereos-email.eu,,38948942,2025-07-29T14:46:54.934941+03:00
Mohsin,Waheed,973974984@mereos-email.eu,,973974984,2025-07-29T14:11:52.399147+03:00
Demo23,Demos,3ll@gmasil.com,,23232,2025-07-29T14:11:42.986947+03:00
Demo23,Demos,3ll@gmasil.com,,23232,2025-07-29T14:11:42.984361+03:00
Demo22,Demos,4@gmalil.com,,23232,2025-07-29T14:11:42.980009+03:00
New,Lenovo,object@yopmail.com,,232325454,2025-07-29T14:00:16.001019+03:00
Mohsin,Waheed,988989@mereos-email.eu,,988989,2025-07-29T13:13:22.546324+03:00